{"cameraMode":{"drawMode":0,"name":"Shaded","section":"Shading Mode"},"sceneLighting":false,"audioPlay":false,"sceneViewState":{"m_AlwaysRefresh":false,"showFog":true,"showSkybox":false,"showFlares":true,"showImageEffects":true,"showParticleSystems":true,"showVisualEffectGraphs":true,"m_FxEnabled":false},"in2DMode":false,"pivot":{"x":-4.060787677764893,"y":1.378237247467041,"z":0.2081773281097412},"rotation":{"x":-0.0002359795616939664,"y":-0.9672710299491882,"z":0.2537597715854645,"w":-0.000054191110393730924},"size":0.20898912847042085,"orthographic":false}