{"cameraMode":{"drawMode":0,"name":"Shaded","section":"Shading Mode"},"sceneLighting":false,"audioPlay":false,"sceneViewState":{"m_AlwaysRefresh":false,"showFog":true,"showSkybox":false,"showFlares":true,"showImageEffects":true,"showParticleSystems":true,"showVisualEffectGraphs":true,"m_FxEnabled":false},"in2DMode":false,"pivot":{"x":-0.20141315460205079,"y":5.740947246551514,"z":-35.70948791503906},"rotation":{"x":-0.24503262341022492,"y":0.0055970256216824059,"z":-0.0013303660089150072,"w":-0.9697297811508179},"size":1.7671678066253663,"orthographic":false}