{"cameraMode":{"drawMode":0,"name":"Shaded","section":"Shading Mode"},"sceneLighting":false,"audioPlay":false,"sceneViewState":{"m_AlwaysRefresh":false,"showFog":true,"showSkybox":false,"showFlares":true,"showImageEffects":true,"showParticleSystems":true,"showVisualEffectGraphs":true,"m_FxEnabled":false},"in2DMode":false,"pivot":{"x":0.12000000476837158,"y":3.4477999210357668,"z":-36.7599983215332},"rotation":{"x":0.007501673884689808,"y":0.008752846159040928,"z":-0.00002089635563606862,"w":-1.0001482963562012},"size":1.3038405179977418,"orthographic":false}