{"cameraMode":{"drawMode":0,"name":"Shaded","section":"Shading Mode"},"sceneLighting":false,"audioPlay":false,"sceneViewState":{"m_AlwaysRefresh":false,"showFog":true,"showSkybox":false,"showFlares":true,"showImageEffects":true,"showParticleSystems":true,"showVisualEffectGraphs":true,"m_FxEnabled":false},"in2DMode":false,"pivot":{"x":6.230226516723633,"y":1.4609838724136353,"z":-44.307498931884769},"rotation":{"x":0.002076443051919341,"y":0.9978165030479431,"z":-0.03593863174319267,"w":0.05907794088125229},"size":1.2247449159622193,"orthographic":false}