{"cameraMode":{"drawMode":0,"name":"Shaded","section":"Shading Mode"},"sceneLighting":true,"audioPlay":false,"sceneViewState":{"m_AlwaysRefresh":false,"showFog":true,"showSkybox":true,"showFlares":true,"showImageEffects":true,"showParticleSystems":true,"showVisualEffectGraphs":true,"m_FxEnabled":false},"in2DMode":false,"pivot":{"x":3.5646770000457765,"y":1.6768397092819214,"z":3.6248979568481447},"rotation":{"x":-0.02937067113816738,"y":-0.5773398876190186,"z":0.020809167996048929,"w":-0.8157768249511719},"size":3.219019651412964,"orthographic":false}