{"cameraMode":{"drawMode":0,"name":"Shaded","section":"Shading Mode"},"sceneLighting":true,"audioPlay":false,"sceneViewState":{"m_AlwaysRefresh":false,"showFog":true,"showSkybox":true,"showFlares":true,"showImageEffects":true,"showParticleSystems":true,"showVisualEffectGraphs":true,"m_FxEnabled":true},"in2DMode":false,"pivot":{"x":-19.408527374267579,"y":-17.259729385375978,"z":26.11519432067871},"rotation":{"x":-0.24900861084461213,"y":0.34547173976898196,"z":-0.09561281651258469,"w":-0.8997379541397095},"size":22.34682273864746,"orthographic":false}