{"cameraMode":{"drawMode":0,"name":"Shaded","section":"Shading Mode"},"sceneLighting":true,"audioPlay":false,"sceneViewState":{"m_AlwaysRefresh":false,"showFog":true,"showSkybox":true,"showFlares":true,"showImageEffects":true,"showParticleSystems":true,"showVisualEffectGraphs":true,"m_FxEnabled":false},"in2DMode":false,"pivot":{"x":0.2650238871574402,"y":6.565551280975342,"z":-22.556535720825197},"rotation":{"x":-0.010543614625930786,"y":-0.9769307374954224,"z":0.2082231193780899,"w":-0.04928239807486534},"size":3.219019651412964,"orthographic":false}