{"cameraMode":{"drawMode":0,"name":"Shaded","section":"Shading Mode"},"sceneLighting":true,"audioPlay":false,"sceneViewState":{"m_AlwaysRefresh":false,"showFog":true,"showSkybox":true,"showFlares":true,"showImageEffects":true,"showParticleSystems":true,"showVisualEffectGraphs":true,"m_FxEnabled":false},"in2DMode":false,"pivot":{"x":3.3848583698272707,"y":2.2614030838012697,"z":-33.98735046386719},"rotation":{"x":0.06525106728076935,"y":-0.8576433062553406,"z":0.1126755028963089,"w":0.49765098094940188},"size":0.30869433283805849,"orthographic":false}