{"cameraMode":{"drawMode":0,"name":"Shaded","section":"Shading Mode"},"sceneLighting":true,"audioPlay":false,"sceneViewState":{"m_AlwaysRefresh":false,"showFog":true,"showSkybox":true,"showFlares":true,"showImageEffects":true,"showParticleSystems":true,"showVisualEffectGraphs":true,"m_FxEnabled":false},"in2DMode":false,"pivot":{"x":0.6694796085357666,"y":1.6759514808654786,"z":-35.153560638427737},"rotation":{"x":0.3226415514945984,"y":0.015302665531635285,"z":-0.0051984344609081749,"w":0.946580708026886},"size":2.26684832572937,"orthographic":false}