{"cameraMode":{"drawMode":0,"name":"Shaded","section":"Shading Mode"},"sceneLighting":false,"audioPlay":false,"sceneViewState":{"m_AlwaysRefresh":false,"showFog":true,"showSkybox":false,"showFlares":true,"showImageEffects":true,"showParticleSystems":true,"showVisualEffectGraphs":true,"m_FxEnabled":false},"in2DMode":false,"pivot":{"x":0.03971078246831894,"y":-0.2363775372505188,"z":0.6811647415161133},"rotation":{"x":-0.25067681074142458,"y":0.11050131171941757,"z":-0.028848012909293176,"w":-0.9614043831825256},"size":0.8055495619773865,"orthographic":false}