{"cameraMode":{"drawMode":0,"name":"Shaded","section":"Shading Mode"},"sceneLighting":false,"audioPlay":false,"sceneViewState":{"m_AlwaysRefresh":false,"showFog":true,"showSkybox":false,"showFlares":true,"showImageEffects":true,"showParticleSystems":true,"showVisualEffectGraphs":true,"m_FxEnabled":false},"in2DMode":false,"pivot":{"x":-0.14500926434993745,"y":-0.20022591948509217,"z":0.03865187242627144},"rotation":{"x":-0.16697295010089875,"y":0.8221715688705444,"z":-0.3038979470729828,"w":-0.4516580402851105},"size":0.8055495619773865,"orthographic":false}