{"cameraMode":{"drawMode":0,"name":"Shaded","section":"Shading Mode"},"sceneLighting":false,"audioPlay":false,"sceneViewState":{"m_AlwaysRefresh":false,"showFog":true,"showSkybox":false,"showFlares":true,"showImageEffects":true,"showParticleSystems":true,"showVisualEffectGraphs":true,"m_FxEnabled":false},"in2DMode":false,"pivot":{"x":1.3358650207519532,"y":0.5105271339416504,"z":-32.218971252441409},"rotation":{"x":-0.20222705602645875,"y":-0.7185045480728149,"z":0.2329413741827011,"w":-0.6234961748123169},"size":0.20295590162277223,"orthographic":false}