{"cameraMode":{"drawMode":0,"name":"Shaded","section":"Shading Mode"},"sceneLighting":false,"audioPlay":false,"sceneViewState":{"m_AlwaysRefresh":false,"showFog":true,"showSkybox":false,"showFlares":true,"showImageEffects":true,"showParticleSystems":true,"showVisualEffectGraphs":true,"m_FxEnabled":false},"in2DMode":false,"pivot":{"x":6.4548420906066898,"y":1.7663002014160157,"z":-41.44599914550781},"rotation":{"x":-0.020480910316109659,"y":0.9788185954093933,"z":-0.16449454426765443,"w":-0.1218615397810936},"size":1.2247449159622193,"orthographic":false}